Date,Close,Trends,Score,Number
2017/1/1,998.325012,14.0,0.884917842,256
2017/1/2,1021.75,27.0,1.018705788,351
2017/1/3,1043.839966,24.0,0.900894029,490
2017/1/4,1154.72998,26.0,0.863922354,336
2017/1/5,1013.380005,32.0,0.254463128,408
2017/1/6,902.200989,31.0,0.298452249,403
2017/1/7,908.585022,24.0,0.613505338,455
2017/1/8,911.198975,21.0,0.897759628,432
2017/1/9,902.828003,20.0,1.036990854,413
2017/1/10,907.679016,18.0,0.892749118,422
2017/1/11,777.757019,22.0,0.683567094,449
2017/1/12,804.833984,22.0,0.830502855,446
2017/1/13,823.984009,19.0,0.475576231,370
2017/1/14,818.411987,17.0,0.677395906,288
2017/1/15,821.797974,16.0,0.587351806,251
2017/1/16,831.533997,16.0,0.833764849,487
2017/1/17,907.937988,17.0,0.131397215,291
2017/1/18,886.617981,18.0,0.554503947,305
2017/1/19,899.072998,16.0,0.620900751,360
2017/1/20,895.026001,14.0,0.797924938,368
2017/1/21,921.789001,15.0,1.000606297,303
2017/1/22,924.672974,15.0,0.663899418,395
2017/1/23,921.012024,14.0,0.84235419,356
2017/1/24,892.687012,15.0,0.633883453,396
2017/1/25,901.541992,15.0,0.428094404,392
2017/1/26,917.585999,14.0,0.934598326,560
2017/1/27,919.75,12.0,0.670336335,313
2017/1/28,921.590027,13.0,0.539504593,197
2017/1/29,919.495972,14.0,0.575802288,265
2017/1/30,920.382019,15.0,0.823538326,356
2017/1/31,970.403015,15.0,0.817000961,361
2017/2/1,989.02301,16.0,0.956632035,372
2017/2/2,1011.799988,16.0,0.802278222,442
2017/2/3,1029.910034,18.0,0.519314672,423
2017/2/4,1042.900024,15.0,0.518336734,355
2017/2/5,1027.339966,14.0,0.361621473,329
2017/2/6,1038.150024,15.0,-0.013103662,354
2017/2/7,1061.349976,16.0,0.765375011,417
2017/2/8,1063.069946,17.0,0.486957636,447
2017/2/9,994.382996,19.0,0.077906285,391
2017/2/10,988.674011,17.0,0.530186977,468
2017/2/11,1004.450012,16.0,0.4106173,266
2017/2/12,999.18103,13.0,1.029358274,228
2017/2/13,990.642029,16.0,0.345202452,377
2017/2/14,1004.549988,15.0,1.391780108,211
2017/2/15,1007.47998,14.0,0.659624506,281
2017/2/16,1027.439941,15.0,0.973680542,342
2017/2/17,1046.209961,17.0,0.958541566,133
2017/2/18,1054.420044,16.0,0.630325431,358
2017/2/19,1047.869995,13.0,0.578781052,238
2017/2/20,1079.97998,17.0,0.851795513,347
2017/2/21,1115.300049,17.0,0.625541918,399
2017/2/22,1117.439941,18.0,-0.072998452,462
2017/2/23,1166.719971,19.0,0.714848257,409
2017/2/24,1173.680054,23.0,0.738894536,643
2017/2/25,1143.839966,20.0,0.162163312,327
2017/2/26,1165.199951,15.0,0.596850737,337
2017/2/27,1179.969971,17.0,0.797288153,424
2017/2/28,1179.969971,19.0,0.84669273,330
2017/3/1,1222.5,19.0,1.051551414,448
2017/3/2,1251.01001,22.0,0.454682209,427
2017/3/3,1274.98999,31.0,0.559073614,429
2017/3/4,1255.150024,23.0,0.621018672,437
2017/3/5,1267.119995,20.0,0.410819369,250
2017/3/6,1272.829956,22.0,0.747423006,575
2017/3/7,1223.540039,22.0,0.752045643,488
2017/3/8,1150.0,24.0,0.350345945,428
2017/3/9,1188.48999,24.0,0.602280074,521
2017/3/10,1116.719971,32.0,0.847306838,607
2017/3/11,1175.829956,25.0,0.575825951,165
2017/3/12,1221.380005,20.0,-0.15878187,217
2017/3/13,1231.920044,20.0,0.758318989,495
2017/3/14,1240.0,19.0,0.506506878,336
2017/3/15,1249.609985,20.0,0.402792305,552
2017/3/16,1187.810059,20.0,0.850313357,449
2017/3/17,1100.22998,20.0,0.424850873,540
2017/3/18,973.817993,23.0,0.544693665,512
2017/3/19,1036.73999,22.0,1.025356969,547
2017/3/20,1054.22998,20.0,0.513703727,563
2017/3/21,1120.540039,21.0,0.621732506,574
2017/3/22,1049.140015,21.0,0.465835472,536
2017/3/23,1038.589966,20.0,0.572620091,302
2017/3/24,937.52002,21.0,0.434125173,557
2017/3/25,972.778992,21.0,0.231384165,578
2017/3/26,966.724976,18.0,0.423688491,403
2017/3/27,1045.77002,18.0,0.92273143,447
2017/3/28,1047.150024,18.0,0.585607714,384
2017/3/29,1039.969971,19.0,0.548622457,329
2017/3/30,1026.430054,18.0,0.876381189,336
2017/3/31,1071.790039,16.0,0.763097675,341
2017/4/1,1080.5,16.0,0.249247025,324
2017/4/2,1102.170044,15.0,0.390086657,280
2017/4/3,1143.810059,18.0,0.653502197,353
2017/4/4,1133.25,19.0,0.631111477,440
2017/4/5,1124.780029,18.0,0.73726339,321
2017/4/6,1182.680054,18.0,0.451895038,442
2017/4/7,1176.900024,17.0,0.298236884,326
2017/4/8,1175.949951,16.0,0.599784089,286
2017/4/9,1187.869995,17.0,0.126415122,257
2017/4/10,1187.130005,17.0,0.247249525,276
2017/4/11,1205.01001,17.0,0.091221276,291
2017/4/12,1200.369995,18.0,0.869793338,263
2017/4/13,1169.280029,18.0,0.38309521,344
2017/4/14,1167.540039,16.0,0.756609954,352
2017/4/15,1172.52002,15.0,0.763544107,287
2017/4/16,1182.939941,17.0,0.501195353,215
2017/4/17,1193.910034,18.0,0.661500284,353
2017/4/18,1211.670044,18.0,0.523660139,346
2017/4/19,1210.290039,18.0,0.43749438,312
2017/4/20,1229.079956,17.0,0.4149219,426
2017/4/21,1222.050049,17.0,0.64027465,321
2017/4/22,1231.709961,16.0,0.60423935,235
2017/4/23,1207.209961,15.0,0.881562868,237
2017/4/24,1250.150024,16.0,0.534282625,313
2017/4/25,1265.48999,19.0,0.498885979,297
2017/4/26,1281.079956,21.0,0.219215378,402
2017/4/27,1317.72998,19.0,0.334080564,376
2017/4/28,1316.47998,19.0,0.339989143,306
2017/4/29,1321.790039,18.0,0.450473236,228
2017/4/30,1347.890015,17.0,0.617574945,234
2017/5/1,1421.599976,23.0,0.588252149,378
2017/5/2,1452.819946,25.0,0.772900277,318
2017/5/3,1490.089966,25.0,0.890944364,418
2017/5/4,1537.670044,30.0,0.449187005,465
2017/5/5,1555.449951,30.0,0.617445854,610
2017/5/6,1578.800049,24.0,0.862738319,433
2017/5/7,1596.709961,22.0,0.413700261,396
2017/5/8,1723.349976,28.0,0.650280158,389
2017/5/9,1755.359985,37.0,0.5720714,534
2017/5/10,1787.130005,34.0,0.984326326,457
2017/5/11,1848.569946,35.0,0.887234058,646
2017/5/12,1724.23999,44.0,0.928208485,445
2017/5/13,1804.910034,43.0,0.231549857,462
2017/5/14,1808.910034,37.0,0.400413759,385
2017/5/15,1738.430054,51.0,0.898792579,465
2017/5/16,1734.449951,45.0,0.60412279,416
2017/5/17,1839.089966,38.0,0.3242722,544
2017/5/18,1888.650024,36.0,0.794171276,503
2017/5/19,1987.709961,40.0,0.775886853,444
2017/5/20,2084.72998,37.0,0.906025397,457
2017/5/21,2041.199951,39.0,0.637086247,442
2017/5/22,2173.399902,63.0,0.575790308,610
2017/5/23,2320.419922,69.0,0.701004653,450
2017/5/24,2443.639893,74.0,0.654815253,751
2017/5/25,2304.97998,100.0,0.893741571,565
2017/5/26,2202.419922,74.0,0.962635287,544
2017/5/27,2038.869995,65.0,0.458707359,335
2017/5/28,2155.800049,49.0,0.482148009,452
2017/5/29,2255.610107,47.0,0.753311069,615
2017/5/30,2175.469971,49.0,0.942053776,464
2017/5/31,2286.409912,46.0,0.792507797,475
2017/6/1,2407.879883,47.0,0.847103023,506
2017/6/2,2488.550049,41.0,0.919490173,424
2017/6/3,2515.350098,36.0,1.002846617,500
2017/6/4,2511.810059,38.0,0.620463928,322
2017/6/5,2686.810059,43.0,0.863793761,542
2017/6/6,2863.199951,58.0,0.725316558,546
2017/6/7,2732.159912,51.0,0.794196488,902
2017/6/8,2805.620117,43.0,0.177041531,504
2017/6/9,2823.810059,43.0,0.906760017,454
2017/6/10,2947.709961,40.0,0.18595829,379
2017/6/11,2958.110107,42.0,0.740078018,405
2017/6/12,2659.629883,54.0,0.541041543,451
2017/6/13,2717.02002,48.0,0.637691896,537
2017/6/14,2506.370117,46.0,0.738878322,489
2017/6/15,2464.580078,61.0,0.77098813,475
2017/6/16,2518.560059,44.0,0.82753686,360
2017/6/17,2655.879883,42.0,0.666507211,299
2017/6/18,2548.290039,38.0,0.560839589,293
2017/6/19,2589.600098,39.0,0.134301954,382
2017/6/20,2721.790039,38.0,0.882757993,367
2017/6/21,2689.100098,43.0,0.679664297,532
2017/6/22,2705.409912,40.0,0.813371296,368
2017/6/23,2744.909912,39.0,0.678580936,561
2017/6/24,2608.719971,38.0,0.726487892,361
2017/6/25,2589.409912,35.0,0.76993067,419
2017/6/26,2478.449951,44.0,0.81682135,422
2017/6/27,2552.449951,48.0,0.671207632,562
2017/6/28,2574.790039,47.0,0.882815474,362
2017/6/29,2539.320068,40.0,0.836174094,418
2017/6/30,2480.840088,33.0,0.753075148,493
2017/7/1,2434.550049,31.0,0.805062277,374
2017/7/2,2506.469971,34.0,0.528974207,312
2017/7/3,2564.060059,33.0,0.590717974,342
2017/7/4,2601.639893,31.0,0.61964644,309
2017/7/5,2601.98999,33.0,0.724381202,308
2017/7/6,2608.560059,35.0,0.466613849,243
2017/7/7,2518.659912,34.0,0.751138356,364
2017/7/8,2571.340088,31.0,0.776810045,351
2017/7/9,2518.439941,32.0,0.631662896,250
2017/7/10,2372.560059,36.0,0.824358362,466
2017/7/11,2337.790039,41.0,0.58964607,512
2017/7/12,2398.840088,37.0,0.765077888,318
2017/7/13,2357.899902,36.0,0.890658552,503
2017/7/14,2233.340088,34.0,0.527475569,455
2017/7/15,1998.859985,39.0,0.600113622,526
2017/7/16,1929.819946,45.0,0.568335034,615
2017/7/17,2228.409912,42.0,0.711526298,582
2017/7/18,2318.879883,45.0,0.098888584,498
2017/7/19,2273.429932,39.0,0.927868116,489
2017/7/20,2817.600098,45.0,0.676383869,769
2017/7/21,2667.76001,42.0,0.342226453,525
2017/7/22,2810.120117,41.0,0.873834331,456
2017/7/23,2730.399902,42.0,0.58879625,506
2017/7/24,2754.860107,40.0,0.574661272,475
2017/7/25,2576.47998,43.0,0.5254008,549
2017/7/26,2529.449951,40.0,0.471562112,657
2017/7/27,2671.780029,36.0,0.386462435,599
2017/7/28,2809.01001,43.0,-0.025411524,685
2017/7/29,2726.449951,35.0,0.247442434,570
2017/7/30,2757.179932,35.0,0.429392094,513
2017/7/31,2875.340088,45.0,0.648210275,615
2017/8/1,2718.26001,76.0,0.746050594,828
2017/8/2,2710.669922,71.0,0.476946099,670
2017/8/3,2804.72998,48.0,0.640974013,746
2017/8/4,2895.889893,44.0,0.561289078,576
2017/8/5,3252.909912,57.0,0.752372697,456
2017/8/6,3213.939941,46.0,0.603530983,679
2017/8/7,3378.939941,54.0,0.943648418,525
2017/8/8,3419.939941,56.0,0.745516512,661
2017/8/9,3342.469971,52.0,0.783569855,673
2017/8/10,3381.280029,50.0,0.614846787,610
2017/8/11,3650.620117,51.0,0.873808476,469
2017/8/12,3884.709961,59.0,0.806044896,592
2017/8/13,4073.26001,74.0,0.948397845,530
2017/8/14,4325.129883,84.0,0.844458223,667
2017/8/15,4181.930176,81.0,0.775788688,653
2017/8/16,4376.629883,71.0,0.692976187,434
2017/8/17,4331.689941,67.0,0.776006789,689
2017/8/18,4160.620117,66.0,0.967219776,614
2017/8/19,4193.700195,65.0,0.624386241,664
2017/8/20,4087.659912,58.0,0.656479693,524
2017/8/21,4001.73999,61.0,0.8014828,552
2017/8/22,4100.52002,66.0,0.693761082,730
2017/8/23,4151.52002,58.0,0.69409834,490
2017/8/24,4334.680176,58.0,0.869810324,535
2017/8/25,4371.600098,60.0,0.855133421,576
2017/8/26,4352.399902,51.0,0.680306774,626
2017/8/27,4382.879883,50.0,0.392942758,348
2017/8/28,4382.660156,52.0,0.276619853,427
2017/8/29,4579.02002,59.0,0.558680257,628
2017/8/30,4565.299805,64.0,0.624575692,519
2017/8/31,4703.390137,69.0,0.519052371,535
2017/9/1,4892.009766,72.0,0.931003945,665
2017/9/2,4578.77002,72.0,0.657065306,686
2017/9/3,4582.959961,66.0,0.715838304,550
2017/9/4,4236.310059,78.0,0.630487472,700
2017/9/5,4376.529785,78.0,0.414927043,605
2017/9/6,4597.120117,66.0,0.723588349,615
2017/9/7,4599.879883,60.0,0.696338329,587
2017/9/8,4228.75,66.0,0.103259603,701
2017/9/9,4226.060059,54.0,0.448411527,591
2017/9/10,4122.939941,54.0,0.197545433,555
2017/9/11,4161.27002,60.0,0.344020355,719
2017/9/12,4130.810059,60.0,0.254581822,619
2017/9/13,3882.590088,78.0,0.389507312,692
2017/9/14,3154.949951,96.0,0.058414037,879
2017/9/15,3637.52002,114.0,0.147504981,874
2017/9/16,3625.040039,72.0,0.0031984,681
2017/9/17,3582.879883,60.0,0.450604514,626
2017/9/18,4065.199951,66.0,0.480380687,604
2017/9/19,3924.969971,66.0,0.770619006,690
2017/9/20,3905.949951,54.0,0.668266152,775
2017/9/21,3631.040039,60.0,0.388711367,772
2017/9/22,3630.699951,54.0,0.499212262,532
2017/9/23,3792.399902,42.0,0.317562027,531
2017/9/24,3682.840088,42.0,0.792335036,508
2017/9/25,3926.070068,48.0,0.650690051,559
2017/9/26,3892.350098,48.0,0.624938156,567
2017/9/27,4200.669922,54.0,0.706883431,684
2017/9/28,4174.72998,48.0,0.578626681,527
2017/9/29,4163.069824,48.0,0.509261851,552
2017/9/30,4338.709961,42.0,0.6615186,469
2017/10/1,4403.740234,42.0,0.731688199,427
2017/10/2,4409.319824,48.0,0.898605897,547
2017/10/3,4317.47998,48.0,0.914609817,437
2017/10/4,4229.359863,42.0,0.813333181,514
2017/10/5,4328.410156,48.0,0.685679255,545
2017/10/6,4370.810059,42.0,0.806561107,747
2017/10/7,4426.890137,42.0,0.986436547,435
2017/10/8,4610.47998,48.0,0.910593568,494
2017/10/9,4772.02002,54.0,0.843861153,527
2017/10/10,4781.990234,60.0,0.415574819,588
2017/10/11,4826.47998,54.0,0.887570203,702
2017/10/12,5446.910156,90.0,0.749828875,475
2017/10/13,5647.209961,108.0,0.737883211,783
2017/10/14,5831.790039,78.0,0.669882398,713
2017/10/15,5678.189941,72.0,0.969338618,708
2017/10/16,5725.589844,72.0,0.522627153,644
2017/10/17,5605.509766,66.0,1.016256834,705
2017/10/18,5590.689941,72.0,0.995634631,718
2017/10/19,5708.52002,66.0,0.833010603,814
2017/10/20,6011.450195,78.0,0.662811137,649
2017/10/21,6031.600098,90.0,0.704744396,845
2017/10/22,6008.419922,72.0,0.328976857,691
2017/10/23,5930.319824,84.0,0.672549334,799
2017/10/24,5526.640137,90.0,0.711543449,734
2017/10/25,5750.799805,78.0,0.779927366,943
2017/10/26,5904.830078,78.0,0.708360703,843
2017/10/27,5780.899902,66.0,1.205941023,848
2017/10/28,5753.089844,60.0,0.866237895,690
2017/10/29,6153.850098,66.0,0.95268634,832
2017/10/30,6130.529785,72.0,0.713668585,682
2017/10/31,6468.399902,90.0,0.659421644,702
2017/11/1,6767.310059,108.0,0.953505032,934
2017/11/2,7078.5,144.0,0.707268778,999
2017/11/3,7207.759766,132.0,0.964655758,986
2017/11/4,7379.950195,102.0,0.942725561,818
2017/11/5,7407.410156,102.0,0.744946143,882
2017/11/6,7022.759766,108.0,0.696628674,851
2017/11/7,7144.379883,96.0,0.523231245,680
2017/11/8,7459.689941,108.0,0.223856951,930
2017/11/9,7143.580078,96.0,0.942527991,874
2017/11/10,6618.140137,120.0,0.51719312,1129
2017/11/11,6357.600098,114.0,0.54048506,1025
2017/11/12,5950.069824,150.0,0.602650622,979
2017/11/13,6559.490234,126.0,0.38675965,1038
2017/11/14,6635.75,108.0,0.675770203,892
2017/11/15,7315.540039,102.0,0.603959037,889
2017/11/16,7871.689941,108.0,0.595789332,867
2017/11/17,7708.990234,120.0,0.672773596,1005
2017/11/18,7790.149902,90.0,0.436606273,828
2017/11/19,8036.490234,90.0,0.674929271,611
2017/11/20,8200.639648,114.0,0.568779842,938
2017/11/21,8071.259766,114.0,0.485367984,924
2017/11/22,8253.549805,102.0,0.691459788,955
2017/11/23,8038.77002,96.0,0.803332413,793
2017/11/24,8253.69043,96.0,0.574461708,862
2017/11/25,8790.919922,102.0,0.925825304,765
2017/11/26,9330.549805,144.0,0.642922236,841
2017/11/27,9818.349609,198.0,0.638422263,935
2017/11/28,10058.79981,228.0,0.805425682,905
2017/11/29,9888.610352,372.0,0.505557552,1006
2017/11/30,10233.59961,306.0,0.685506466,1189
2017/12/1,10975.59961,228.0,0.930793498,1122
2017/12/2,11074.59961,180.0,0.971610562,890
2017/12/3,11323.2002,180.0,0.685338946,983
2017/12/4,11657.2002,210.0,0.804360293,844
2017/12/5,11916.7002,210.0,0.97030154,942
2017/12/6,14291.5,282.0,0.673608103,1069
2017/12/7,17899.69922,582.0,0.524076215,1285
2017/12/8,16569.40039,504.0,0.191535666,1363
2017/12/9,15178.2002,342.0,0.694251163,854
2017/12/10,15455.40039,324.0,0.565803381,599
2017/12/11,16936.80078,384.0,1.069853312,838
2017/12/12,17415.40039,354.0,0.960934305,1003
2017/12/13,16408.19922,324.0,0.646603002,974
2017/12/14,16564.0,282.0,0.560479512,1095
2017/12/15,17706.90039,258.0,0.934885823,1098
2017/12/16,19497.40039,246.0,0.711232666,882
2017/12/17,19140.80078,282.0,0.519026538,1047
2017/12/18,19114.19922,288.0,0.968674371,879
2017/12/19,17776.69922,300.0,1.039232019,879
2017/12/20,16624.59961,414.0,0.596028242,1169
2017/12/21,15802.90039,318.0,0.502547661,1034
2017/12/22,13831.79981,600.0,0.028693542,1205
2017/12/23,14699.2002,384.0,0.449081098,861
2017/12/24,13925.79981,282.0,0.618867704,783
2017/12/25,14026.59961,240.0,0.94734326,994
2017/12/26,16099.79981,246.0,0.860153862,852
2017/12/27,15838.5,228.0,0.928443715,1097
2017/12/28,14606.5,234.0,0.777719208,916
2017/12/29,14656.2002,198.0,0.449791374,765
2017/12/30,12952.2002,198.0,0.646244664,937
2017/12/31,14156.40039,168.0,0.600711571,372
2018/1/1,13657.2002,162.0,0.78048131,905
2018/1/2,14982.09961,186.0,0.550470484,1329
2018/1/3,15201.0,192.0,0.639489153,1197
2018/1/4,15599.2002,186.0,0.749858106,1330
2018/1/5,17429.5,180.0,0.264119912,1207
2018/1/6,17527.0,162.0,0.934973965,1280
2018/1/7,16477.59961,156.0,0.482185562,1409
2018/1/8,15170.09961,180.0,0.840388868,1260
2018/1/9,14595.40039,168.0,0.931239448,1368
2018/1/10,14973.29981,180.0,0.438133772,1213
2018/1/11,13405.79981,192.0,0.747352332,1410
2018/1/12,13980.59961,162.0,0.338311034,1425
2018/1/13,14360.2002,138.0,0.76438839,1329
2018/1/14,13772.0,132.0,0.791412188,1117
2018/1/15,13819.79981,138.0,0.500824987,1188
2018/1/16,11490.5,258.0,0.4084071,1420
2018/1/17,11188.59961,348.0,0.710870683,1446
2018/1/18,11474.90039,240.0,0.572924239,1598
2018/1/19,11607.40039,180.0,0.965883915,1090
2018/1/20,12899.2002,144.0,0.714260999,1112
2018/1/21,11600.09961,138.0,0.302604536,1406
2018/1/22,10931.40039,156.0,0.851678634,1101
2018/1/23,10868.40039,150.0,0.54136619,1411
2018/1/24,11359.40039,138.0,0.950017757,1417
2018/1/25,11259.40039,132.0,0.71397246,1493
2018/1/26,11171.40039,138.0,0.631815887,1198
2018/1/27,11440.7002,114.0,0.895477121,1175
2018/1/28,11786.29981,108.0,0.745950288,1520
2018/1/29,11296.40039,114.0,0.526930742,985
2018/1/30,10106.29981,126.0,0.594216727,1256
2018/1/31,10221.09961,138.0,0.469331259,1520
2018/2/1,9170.540039,174.0,0.714542146,1602
2018/2/2,8830.75,228.0,0.552840759,2069
2018/2/3,9174.910156,150.0,0.750140359,1247
2018/2/4,8277.009766,132.0,0.70778455,1116
2018/2/5,6955.27002,222.0,0.387345362,1625
2018/2/6,7754.0,288.0,-0.065128455,2282
2018/2/7,7621.299805,174.0,0.11270692,1343
2018/2/8,8265.589844,156.0,0.523627174,1489
2018/2/9,8736.980469,132.0,0.739022931,1390
2018/2/10,8621.900391,108.0,0.453519565,1061
2018/2/11,8129.970215,96.0,0.62885057,865
2018/2/12,8926.570313,108.0,0.701085168,1333
2018/2/13,8598.30957,102.0,0.685850139,1195
2018/2/14,9494.629883,102.0,0.873708188,1207
2018/2/15,10166.40039,114.0,0.877526416,1174
2018/2/16,10233.90039,102.0,0.895448459,717
2018/2/17,11112.7002,90.0,0.610781661,610
2018/2/18,10551.79981,96.0,0.708215752,811
2018/2/19,11225.29981,90.0,0.637157479,924
2018/2/20,11403.7002,102.0,0.640925267,972
2018/2/21,10690.40039,96.0,0.701362322,1239
2018/2/22,10005.0,90.0,0.730549841,1241
2018/2/23,10301.09961,78.0,0.581938179,841
2018/2/24,9813.070313,72.0,0.626578278,894
2018/2/25,9664.730469,66.0,0.681802781,976
2018/2/26,10366.7002,78.0,1.031933777,1089
2018/2/27,10725.59961,78.0,0.673860314,1100
2018/2/28,10397.90039,72.0,0.560432073,1100
2018/3/1,10951.0,66.0,0.88196085,1073
2018/3/2,11086.40039,66.0,0.805178077,1214
2018/3/3,11489.7002,66.0,0.736234014,925
2018/3/4,11512.59961,60.0,0.725854272,978
2018/3/5,11573.29981,66.0,0.97729372,779
2018/3/6,10779.90039,66.0,0.775737281,1144
2018/3/7,9965.570313,78.0,0.4039107,1078
2018/3/8,9395.009766,78.0,0.021885718,976
2018/3/9,9337.549805,84.0,0.633732107,1405
2018/3/10,8866.0,60.0,0.384856073,1111
2018/3/11,9578.629883,60.0,0.333540877,967
2018/3/12,9205.120117,72.0,0.840818885,1139
2018/3/13,9194.849609,66.0,0.622654778,1079
2018/3/14,8269.80957,78.0,0.496994885,974
2018/3/15,8300.860352,84.0,0.383253915,1231
2018/3/16,8338.349609,72.0,0.627381127,969
2018/3/17,7916.879883,66.0,0.400655674,1150
2018/3/18,8223.679688,72.0,0.563684793,1356
2018/3/19,8630.650391,72.0,0.711373615,1028
2018/3/20,8913.469727,72.0,0.410849088,1062
2018/3/21,8929.280273,60.0,0.879257512,1301
2018/3/22,8728.469727,60.0,0.896443362,1398
2018/3/23,8879.620117,60.0,0.772373648,963
2018/3/24,8668.120117,48.0,0.919608887,948
2018/3/25,8495.780273,54.0,0.833781945,888
2018/3/26,8209.400391,72.0,0.644050143,1031
2018/3/27,7833.040039,66.0,0.796936389,887
2018/3/28,7954.47998,60.0,0.491670194,1067
2018/3/29,7165.700195,72.0,0.616695042,1038
2018/3/30,6890.52002,84.0,0.415360407,1117
2018/3/31,6973.529785,60.0,0.851579969,968
2018/4/1,6844.22998,60.0,0.717295747,729
2018/4/2,7083.799805,72.0,0.644866624,712
2018/4/3,7456.109863,66.0,0.560412364,784
2018/4/4,6853.839844,60.0,0.437177041,981
2018/4/5,6811.470215,66.0,0.324641419,1156
2018/4/6,6636.319824,66.0,0.555077442,458
2018/4/7,6911.089844,54.0,0.493741213,641
2018/4/8,7023.52002,48.0,0.735012755,769
2018/4/9,6770.72998,60.0,0.458788151,671
2018/4/10,6834.759766,60.0,0.543052225,1034
2018/4/11,6968.319824,54.0,0.420679295,931
2018/4/12,7889.25,66.0,0.58782574,823
2018/4/13,7895.959961,66.0,0.703648863,939
2018/4/14,7986.240234,54.0,0.179323622,854
2018/4/15,8329.110352,48.0,0.575033553,778
2018/4/16,8058.669922,54.0,0.687744395,671
2018/4/17,7902.089844,54.0,0.477473061,813
2018/4/18,8163.419922,48.0,0.710701584,785
2018/4/19,8294.30957,54.0,0.883338161,968
2018/4/20,8845.830078,60.0,0.629491408,675
2018/4/21,8895.580078,48.0,0.809003075,723
2018/4/22,8802.459961,48.0,0.635517282,620
2018/4/23,8930.879883,54.0,0.743552951,1035
2018/4/24,9697.5,66.0,0.620226749,1040
2018/4/25,8845.740234,60.0,0.611439908,735
2018/4/26,9281.509766,48.0,0.705003649,1077
2018/4/27,8987.049805,48.0,0.720156947,693
2018/4/28,9348.480469,42.0,0.678702204,922
2018/4/29,9419.080078,42.0,0.809179404,1274
2018/4/30,9240.549805,48.0,0.623701236,745
2018/5/1,9119.009766,48.0,0.506548312,757
2018/5/2,9235.919922,45.0,0.782570951,758
2018/5/3,9743.860352,46.5,0.762252014,779
2018/5/4,9700.759766,48.75,0.90755044,1160
2018/5/5,9858.150391,45.75,0.746227937,863
2018/5/6,9654.799805,43.5,0.861069642,1049
2018/5/7,9373.009766,51.0,0.927735393,1284
2018/5/8,9234.820313,48.75,0.756456714,756
2018/5/9,9325.179688,45.75,0.490663392,716
2018/5/10,9043.94043,47.25,0.379931049,967
2018/5/11,8441.490234,54.0,0.670250458,879
2018/5/12,8504.889648,44.25,0.427644582,735
2018/5/13,8723.94043,39.75,0.559606426,804
2018/5/14,8716.790039,48.0,0.753425952,696
2018/5/15,8510.379883,42.0,0.735447405,790
2018/5/16,8368.830078,43.5,0.376590144,869
2018/5/17,8094.319824,42.0,0.646791714,790
2018/5/18,8250.969727,40.5,0.730771207,647
2018/5/19,8247.179688,32.25,0.803354747,658
2018/5/20,8513.25,34.5,0.463684003,583
2018/5/21,8418.990234,39.75,0.614989598,595
2018/5/22,8041.779785,41.25,0.604478787,829
2018/5/23,7557.819824,50.25,0.382231302,681
2018/5/24,7587.339844,46.5,0.270283814,850
2018/5/25,7480.140137,41.25,0.451683871,547
2018/5/26,7355.879883,34.5,0.686482793,565
2018/5/27,7368.220215,39.75,0.541227435,462
2018/5/28,7135.990234,42.75,0.758222732,741
2018/5/29,7472.589844,42.75,0.152984427,581
2018/5/30,7406.52002,40.5,0.552548137,654
2018/5/31,7494.169922,39.0,0.647855422,741
2018/6/1,7541.450195,34.5,0.915832977,676
2018/6/2,7643.450195,34.5,0.482355339,577
2018/6/3,7720.25,33.0,0.698547019,706
2018/6/4,7514.470215,34.5,0.606630228,513
2018/6/5,7633.759766,37.5,0.520248366,705
2018/6/6,7653.97998,37.5,0.933175231,573
2018/6/7,7678.240234,36.0,0.798876721,560
2018/6/8,7624.919922,34.5,0.862866652,628
2018/6/9,7531.97998,30.0,0.704940778,669
2018/6/10,6786.02002,44.25,0.63908352,592
2018/6/11,6906.919922,57.0,0.411415282,665
2018/6/12,6582.359863,45.0,0.954302493,1055
2018/6/13,6349.899902,53.25,0.850733549,921
2018/6/14,6675.350098,46.5,0.797454254,658
2018/6/15,6456.580078,39.75,0.494562486,521
2018/6/16,6550.160156,33.75,0.520842232,789
2018/6/17,6499.27002,33.0,0.761743496,493
2018/6/18,6734.819824,38.25,0.219975817,581
2018/6/19,6769.939941,37.5,0.514030315,546
2018/6/20,6776.549805,39.0,0.440433464,669
2018/6/21,6729.740234,33.75,0.726442624,504
2018/6/22,6083.689941,45.75,0.40101259,621
2018/6/23,6162.47998,39.0,-0.055969015,774
2018/6/24,6173.22998,45.75,0.312188049,512
2018/6/25,6249.180176,41.25,0.792604623,667
2018/6/26,6093.669922,36.75,0.528405161,615
2018/6/27,6157.129883,36.75,0.390138451,619
2018/6/28,5903.439941,37.5,-0.173982295,720
2018/6/29,6218.299805,47.25,0.413698354,588
2018/6/30,6404.0,38.25,-0.099889828,594
2018/7/1,6385.819824,33.0,0.588880198,517
2018/7/2,6614.180176,39.0,0.668500595,498
2018/7/3,6529.589844,38.25,0.657036086,638
2018/7/4,6597.549805,37.5,0.57733043,581
2018/7/5,6639.140137,37.5,0.212442555,614
2018/7/6,6673.5,32.25,0.512118147,596
2018/7/7,6856.930176,30.0,0.78978277,638
2018/7/8,6773.879883,30.0,0.593793392,491
2018/7/9,6741.75,33.0,0.753525076,833
2018/7/10,6329.950195,36.0,0.647747058,575
2018/7/11,6394.709961,32.25,-0.172214004,519
2018/7/12,6228.810059,36.0,0.716189386,784
2018/7/13,6238.049805,33.0,0.724461378,653
2018/7/14,6276.120117,30.0,0.656326776,561
2018/7/15,6359.640137,31.5,0.845669473,471
2018/7/16,6741.75,35.25,0.539524035,447
2018/7/17,7321.040039,47.25,0.849334337,476
2018/7/18,7370.779785,52.5,0.808903146,543
2018/7/19,7466.859863,44.25,0.482466973,653
2018/7/20,7354.129883,42.0,0.787009454,600
2018/7/21,7419.290039,36.0,0.849478387,565
2018/7/22,7418.490234,33.0,0.912215683,599
2018/7/23,7711.109863,45.0,0.684360505,834
2018/7/24,8424.269531,55.5,0.875844472,730
2018/7/25,8181.390137,52.5,0.976457206,705
2018/7/26,7951.580078,45.75,1.004719997,818
2018/7/27,8165.009766,42.75,0.730046531,654
2018/7/28,8192.150391,37.5,1.062772613,542
2018/7/29,8218.459961,34.5,0.852169215,457
2018/7/30,8180.47998,42.0,0.98025592,494
2018/7/31,7780.439941,39.75,0.295162339,662
2018/8/1,7624.910156,40.5,0.851859504,828
2018/8/2,7567.149902,36.75,0.844606583,664
2018/8/3,7434.390137,39.0,0.658196182,560
2018/8/4,7032.850098,36.0,0.676563649,477
2018/8/5,7068.47998,35.25,0.447106468,574
2018/8/6,6951.799805,40.5,0.895855606,515
2018/8/7,6753.120117,42.0,0.544211753,416
2018/8/8,6305.799805,48.0,0.35428878,578
2018/8/9,6568.22998,41.25,0.78372932,553
2018/8/10,6184.709961,42.0,0.590238903,491
2018/8/11,6295.72998,41.25,0.566148151,722
2018/8/12,6322.689941,35.25,-0.245020098,356
2018/8/13,6297.569824,41.25,0.458614132,475
2018/8/14,6199.709961,50.25,0.482999476,533
2018/8/15,6308.52002,43.5,0.666166107,354
2018/8/16,6334.72998,39.0,0.684485047,377
2018/8/17,6580.629883,36.0,0.463403819,312
2018/8/18,6423.759766,33.0,0.664545193,271
2018/8/19,6506.069824,31.5,0.995008983,246
2018/8/20,6308.529785,36.75,0.669951846,253
2018/8/21,6488.759766,38.25,0.733160212,382
2018/8/22,6376.709961,45.0,0.533703671,379
2018/8/23,6534.879883,36.75,0.50005662,521
2018/8/24,6719.959961,35.25,0.575011263,452
2018/8/25,6763.189941,31.5,0.559322516,314
2018/8/26,6707.259766,31.5,0.653276932,291
2018/8/27,6884.640137,33.75,0.830483626,325
2018/8/28,7096.279785,42.75,0.867553313,353
2018/8/29,7047.160156,36.75,0.914527452,297
2018/8/30,6978.22998,38.25,0.739716609,279
2018/8/31,7037.580078,35.25,0.551137812,400
2018/9/1,7193.25,33.0,1.229165206,289
2018/9/2,7272.720215,35.25,0.457634508,257
2018/9/3,7260.060059,34.5,0.831563841,364
2018/9/4,7361.660156,37.5,0.675369531,306
2018/9/5,6792.830078,44.25,0.795754215,378
2018/9/6,6529.169922,48.75,0.166632931,373
2018/9/7,6467.069824,39.75,0.581903275,335
2018/9/8,6225.97998,35.25,0.869489717,290
2018/9/9,6300.859863,33.75,0.395656989,274
2018/9/10,6329.700195,37.5,0.651049074,330
2018/9/11,6321.200195,36.0,0.726638644,338
2018/9/12,6351.799805,42.75,0.737168263,428
2018/9/13,6517.310059,39.75,0.712925859,330
2018/9/14,6512.709961,34.5,0.448887516,328
2018/9/15,6543.200195,32.25,0.224335755,293
2018/9/16,6517.180176,29.25,0.519792677,285
2018/9/17,6281.200195,33.75,0.579514124,376
2018/9/18,6371.299805,33.0,0.578804565,354
2018/9/19,6398.540039,35.25,0.301477251,267
2018/9/20,6519.669922,30.75,0.611372791,400
2018/9/21,6734.950195,36.75,0.663476216,466
2018/9/22,6721.97998,32.25,0.654982014,288
2018/9/23,6710.629883,29.25,0.373684255,249
2018/9/24,6595.410156,31.5,0.710710212,246
2018/9/25,6446.470215,33.0,0.465234265,318
2018/9/26,6495.0,33.75,0.916638666,362
2018/9/27,6676.75,32.25,0.681614114,232
2018/9/28,6644.129883,31.5,0.571184623,282
2018/9/29,6601.959961,26.25,0.63894361,197
2018/9/30,6625.560059,26.25,0.526881086,227
2018/10/1,6589.620117,31.5,0.627147777,256
2018/10/2,6556.100098,30.75,0.683004616,281
2018/10/3,6502.589844,30.75,0.849917654,253
2018/10/4,6576.689941,30.0,0.493775341,275
2018/10/5,6622.47998,30.0,0.468929252,224
2018/10/6,6588.310059,26.25,0.906699944,262
2018/10/7,6602.950195,24.75,0.758140087,238
2018/10/8,6652.22998,30.0,0.745477084,216
2018/10/9,6642.640137,29.25,0.66607576,256
2018/10/10,6585.529785,31.5,0.537218808,234
2018/10/11,6256.240234,39.0,0.337220126,410
2018/10/12,6274.580078,33.75,0.805216248,372
2018/10/13,6285.990234,28.5,0.911882549,272
2018/10/14,6290.930176,27.75,0.631596513,214
2018/10/15,6596.540039,37.5,0.041299765,324
2018/10/16,6596.109863,31.5,0.681268606,294
2018/10/17,6544.430176,28.5,0.755543795,282
2018/10/18,6476.709961,31.5,-0.034073825,227
2018/10/19,6465.410156,28.5,0.982226739,344
2018/10/20,6489.189941,25.5,0.702676976,239
2018/10/21,6482.350098,24.75,0.952318477,287
2018/10/22,6487.160156,30.0,0.699500035,295
2018/10/23,6475.740234,28.5,1.016560957,292
2018/10/24,6495.839844,31.5,0.928872281,378
2018/10/25,6476.290039,28.5,0.427637543,307
2018/10/26,6474.75,28.5,0.578004573,251
2018/10/27,6480.379883,25.5,0.80919499,166
2018/10/28,6486.390137,23.25,0.797331349,173
2018/10/29,6332.629883,30.0,0.977255582,238
2018/10/30,6334.27002,27.75,0.344037099,208
2018/10/31,6317.609863,28.5,0.937416418,307
2018/11/1,6377.779785,30.0,0.396447824,324
2018/11/2,6388.439941,27.75,0.715160089,249
2018/11/3,6361.259766,24.75,0.524450651,182
2018/11/4,6376.129883,28.5,0.12984904,228
2018/11/5,6419.660156,30.0,0.811126697,293
2018/11/6,6461.009766,30.75,0.49611958,331
2018/11/7,6530.140137,30.75,0.885150875,270
2018/11/8,6453.720215,28.5,0.740358682,299
2018/11/9,6385.620117,29.25,0.788836499,446
2018/11/10,6409.220215,25.5,1.11354169,186
2018/11/11,6411.27002,25.5,0.59211129,292
2018/11/12,6371.27002,27.75,1.124672043,337
2018/11/13,6359.490234,28.5,0.88771906,327
2018/11/14,5738.350098,48.0,0.445979753,345
2018/11/15,5648.029785,54.75,0.657048352,271
2018/11/16,5575.549805,43.5,0.166295441,284
2018/11/17,5554.330078,35.25,0.254574563,182
2018/11/18,5623.540039,30.75,0.410419957,243
2018/11/19,4871.490234,53.25,0.209923856,245
2018/11/20,4451.870117,75.0,0.1659012,307
2018/11/21,4602.169922,59.25,0.588763013,389
2018/11/22,4365.939941,46.5,0.226214837,284
2018/11/23,4347.109863,44.25,0.509521073,314
2018/11/24,3880.76001,41.25,0.548842813,266
2018/11/25,4009.969971,62.25,0.263300066,264
2018/11/26,3779.129883,63.75,0.24409694,340
2018/11/27,3820.719971,57.0,0.191215777,334
2018/11/28,4257.419922,54.0,0.904965206,292
2018/11/29,4278.84668,47.25,0.288250225,359
2018/11/30,4017.268555,41.25,0.177303314,290
2018/12/1,4214.671875,37.5,0.509411216,272
2018/12/2,4139.87793,32.25,0.436389312,199
2018/12/3,3894.130859,40.5,0.519166465,348
2018/12/4,3956.893799,42.0,0.364358494,343
2018/12/5,3753.994873,40.5,0.623112679,224
2018/12/6,3521.101807,43.5,0.273317729,448
2018/12/7,3419.937256,56.25,0.533273533,304
2018/12/8,3476.114746,42.75,-0.199249317,333
2018/12/9,3614.234375,38.25,0.376802725,254
2018/12/10,3502.656006,43.5,0.463669703,242
2018/12/11,3424.588135,39.0,0.845595769,253
2018/12/12,3486.950195,37.5,0.26897738,279
2018/12/13,3313.677246,38.25,0.553386603,245
2018/12/14,3242.484863,44.25,0.567333059,280
2018/12/15,3236.761719,37.5,0.70571832,292
2018/12/16,3252.839111,35.25,0.201926611,202
2018/12/17,3545.864746,44.25,0.399290035,239
2018/12/18,3696.059082,42.0,0.851728441,226
2018/12/19,3745.950684,45.0,0.213074935,172
2018/12/20,4134.441406,48.75,1.09641992,409
2018/12/21,3896.543701,44.25,0.312857652,231
2018/12/22,4014.182617,35.25,0.295300393,292
2018/12/23,3998.980225,33.75,0.873628734,284
2018/12/24,4078.599121,42.0,1.050425612,236
2018/12/25,3815.490723,37.5,0.44216877,210
2018/12/26,3857.297607,33.75,0.79054038,270
2018/12/27,3654.833496,38.25,0.246637453,180
2018/12/28,3923.918701,36.75,0.377144745,250
2018/12/29,3820.408691,33.75,0.759388187,151
2018/12/30,3865.952637,31.5,0.734680678,230
2018/12/31,3742.700439,29.25,0.825109204,193
2019/1/1,3843.52002,31.5,1.123193287,181
2019/1/2,3943.409424,37.5,1.052876954,167
2019/1/3,3836.741211,39.0,0.884556888,280
2019/1/4,3857.717529,37.5,1.100210621,263
2019/1/5,3845.19458,30.0,1.052621211,230
2019/1/6,4076.632568,31.5,0.785745372,196
2019/1/7,4025.248291,37.5,0.83982066,213
2019/1/8,4030.8479,33.0,0.726098931,260
2019/1/9,4035.296387,34.5,0.697675585,152
2019/1/10,3678.924561,40.5,0.572199809,203
2019/1/11,3687.365479,37.5,0.708539937,180
2019/1/12,3661.301025,31.5,0.781503428,277
2019/1/13,3552.953125,30.0,0.799301336,222
2019/1/14,3706.052246,36.0,0.68938736,232
2019/1/15,3630.675293,33.0,0.605804216,236
2019/1/16,3655.006836,31.5,0.754367976,238
2019/1/17,3678.563965,31.5,0.694717709,232
2019/1/18,3657.839355,31.5,0.780690373,208
2019/1/19,3728.568359,25.5,0.417408736,188
2019/1/20,3601.013672,25.5,0.130116733,173
2019/1/21,3576.032471,28.5,0.851086952,164
2019/1/22,3604.577148,27.0,0.504080765,209
2019/1/23,3585.123047,30.0,0.469887039,270
2019/1/24,3600.865479,30.0,0.900797596,255
2019/1/25,3599.765869,28.5,1.075858379,247
2019/1/26,3602.460449,27.0,0.700544037,197
2019/1/27,3583.96582,25.5,0.70282878,201
2019/1/28,3470.450439,30.0,0.303906171,163
2019/1/29,3448.116943,33.0,0.744870944,224
2019/1/30,3486.181641,31.5,0.962219535,376
2019/1/31,3457.792725,31.5,0.997083604,230
2019/2/1,3487.945313,28.5,0.569137355,265
2019/2/2,3521.060791,25.5,0.777523282,184
2019/2/3,3464.013428,24.0,0.301620165,189
2019/2/4,3459.154053,30.0,0.514025953,238
2019/2/5,3466.357422,36.0,0.737307011,284
2019/2/6,3413.767822,33.0,0.736967624,161
2019/2/7,3399.47168,31.5,0.47772138,228
2019/2/8,3666.780273,33.0,0.535285689,236
2019/2/9,3671.203613,31.5,0.648966816,228
2019/2/10,3690.188232,28.5,0.680978499,231
2019/2/11,3648.430664,30.0,0.973307351,244
2019/2/12,3653.528564,30.0,0.659957615,289
2019/2/13,3632.070557,27.0,0.736218122,245
2019/2/14,3616.880859,28.5,0.757337361,297
2019/2/15,3620.810791,27.0,1.17916597,291
2019/2/16,3629.787598,27.0,0.759108919,234
2019/2/17,3673.836182,25.5,0.585470691,210
2019/2/18,3915.714355,36.0,0.729593849,191
2019/2/19,3947.094482,37.5,0.703213847,224
2019/2/20,3999.820557,36.0,1.146659236,195
2019/2/21,3954.118164,33.0,1.042388538,202
2019/2/22,4005.526611,30.0,0.595932983,184
2019/2/23,4142.526855,30.0,0.705656091,214
2019/2/24,3810.42749,37.5,0.597226489,184
2019/2/25,3882.696289,33.0,0.255064459,163
2019/2/26,3854.35791,31.5,0.300587264,196
2019/2/27,3851.047363,30.0,0.523177677,241
2019/2/28,3854.7854,28.5,0.589094627,202
2019/3/1,3859.58374,28.5,0.640797247,179
2019/3/2,3864.415039,25.5,0.565953748,245
2019/3/3,3847.175781,24.0,0.539778849,176
2019/3/4,3761.557129,28.5,0.904776135,164
2019/3/5,3896.375,30.0,0.69356861,278
2019/3/6,3903.942627,30.0,0.211406195,141
2019/3/7,3911.484375,28.5,0.650750537,251
2019/3/8,3901.131592,27.0,0.856479716,172
2019/3/9,3963.313721,28.5,0.495233503,182
2019/3/10,3951.599854,25.5,0.526213016,192
2019/3/11,3905.227295,25.5,0.37579679,222
2019/3/12,3909.15625,27.0,0.713769873,166
2019/3/13,3906.717285,25.5,0.471629767,224
2019/3/14,3924.369141,25.5,0.701823782,169
2019/3/15,3960.911133,25.5,0.658597767,240
2019/3/16,4048.72583,25.5,0.47599902,160
2019/3/17,4025.229004,25.5,0.591008111,167
2019/3/18,4032.507324,28.5,0.781178692,211
2019/3/19,4071.190186,30.0,0.636471622,211
2019/3/20,4087.476318,31.5,0.329034608,179
2019/3/21,4029.326904,31.5,0.545991801,225
2019/3/22,4023.968262,28.5,0.44443015,158
2019/3/23,4035.826416,25.5,0.698974071,166
2019/3/24,4022.168213,22.5,0.533315683,137
2019/3/25,3963.070557,25.5,0.839386363,185
2019/3/26,3985.080811,27.0,0.537020314,168
2019/3/27,4087.066162,31.5,0.783912866,178
2019/3/28,4069.107178,28.5,0.682011543,191
2019/3/29,4098.374512,28.5,0.665773734,235
2019/3/30,4106.660156,25.5,0.837954599,129
2019/3/31,4105.404297,24.0,0.884376637,166
2019/4/1,4158.183105,28.5,1.084835464,252
2019/4/2,4879.87793,63.0,0.167549896,165
2019/4/3,4973.021973,72.0,1.111415581,205
2019/4/4,4922.798828,51.0,0.929259768,158
2019/4/5,5036.681152,43.5,0.967853634,169
2019/4/6,5059.817383,36.0,0.672460929,211
2019/4/7,5198.896973,36.0,0.509912299,158
2019/4/8,5289.770996,42.0,0.651237817,245
2019/4/9,5204.958496,40.5,0.305003902,283
2019/4/10,5324.551758,42.0,0.678063308,130
2019/4/11,5064.487793,40.5,0.547479336,157
2019/4/12,5089.539063,37.5,0.781353846,348
2019/4/13,5096.586426,30.0,0.73335067,193
2019/4/14,5167.722168,30.0,0.849315844,181
2019/4/15,5067.108398,34.5,0.666004996,120
2019/4/16,5235.55957,37.5,0.652488201,258
2019/4/17,5251.937988,37.5,0.766507087,216
2019/4/18,5298.385742,34.5,0.93592222,175
2019/4/19,5303.8125,31.5,0.436201754,262
2019/4/20,5337.88623,31.5,0.598542416,258
2019/4/21,5314.53125,31.5,0.613319771,229
2019/4/22,5399.365234,34.5,0.404923309,169
2019/4/23,5572.361816,43.5,0.725542571,210
2019/4/24,5464.866699,40.5,0.265361418,168
2019/4/25,5210.515625,37.5,0.321994758,235
2019/4/26,5279.348145,37.5,0.749859367,234
2019/4/27,5268.291016,30.0,0.867003861,204
2019/4/28,5285.13916,28.5,0.505354534,259
2019/4/29,5247.352539,31.5,0.584278143,235
2019/4/30,5350.726563,34.5,0.600306157,265
2019/5/1,5402.697266,31.5,0.241886469,216
2019/5/2,5505.283691,33.0,0.715580584,230
2019/5/3,5768.289551,45.0,0.856104938,290
2019/5/4,5831.16748,37.5,0.773955737,263
2019/5/5,5795.708496,36.0,0.682709066,194
2019/5/6,5746.807129,37.5,0.884031321,236
2019/5/7,5829.501465,43.5,0.291992291,197
2019/5/8,5982.45752,43.5,0.578544816,291
2019/5/9,6174.528809,49.5,0.50079431,302
2019/5/10,6378.849121,51.0,0.917339289,210
2019/5/11,7204.771484,66.0,0.31253181,272
2019/5/12,6972.371582,69.0,0.341610908,309
2019/5/13,7814.915039,79.5,1.012487191,346
2019/5/14,7994.416016,96.0,0.65826688,352
2019/5/15,8205.167969,76.5,0.998031047,398
2019/5/16,7884.90918,69.0,0.857576028,210
2019/5/17,7343.895508,72.0,0.854524909,277
2019/5/18,7271.208008,49.5,0.637546115,84
2019/5/19,8197.689453,57.0,0.74977809,212
2019/5/20,7978.309082,61.5,0.706159527,270
2019/5/21,7963.327637,54.0,0.709296304,315
2019/5/22,7680.066406,52.5,0.537751556,305
2019/5/23,7881.84668,48.0,0.736846959,324
2019/5/24,7987.371582,48.0,0.868043101,246
2019/5/25,8052.543945,45.0,0.94460015,229
2019/5/26,8673.21582,45.0,0.930612679,201
2019/5/27,8805.77832,64.5,0.439686757,272
2019/5/28,8719.961914,58.5,0.600903843,228
2019/5/29,8659.487305,57.0,0.659263096,385
2019/5/30,8319.472656,60.0,0.347770909,271
2019/5/31,8574.501953,57.0,0.691203367,317
2019/6/1,8564.016602,45.0,0.675463747,292
2019/6/2,8742.958008,45.0,0.77361806,198
2019/6/3,8208.995117,48.0,0.668349397,298
2019/6/4,7707.770996,58.5,0.67860848,205
2019/6/5,7824.231445,48.0,0.897192513,239
2019/6/6,7822.023438,43.5,0.781207948,197
2019/6/7,8043.951172,49.5,0.496881353,334
2019/6/8,7954.12793,37.5,0.367395069,321
2019/6/9,7688.077148,36.0,0.262721487,262
2019/6/10,8000.32959,42.0,0.611853873,227
2019/6/11,7927.714355,42.0,0.541112479,292
2019/6/12,8145.857422,42.0,0.773033955,300
2019/6/13,8230.923828,43.5,1.101809521,201
2019/6/14,8693.833008,43.5,0.410912553,287
2019/6/15,8838.375,48.0,0.928791628,245
2019/6/16,8994.488281,55.5,0.84481548,269
2019/6/17,9320.352539,63.0,0.526911168,239
2019/6/18,9081.762695,63.0,0.708599026,285
2019/6/19,9273.521484,54.0,0.625396655,323
2019/6/20,9527.160156,52.5,0.774288562,264
2019/6/21,10144.55664,69.0,0.976623397,240
2019/6/22,10701.69141,108.0,0.845667961,215
2019/6/23,10855.37109,75.0,0.360857844,169
2019/6/24,11011.10254,78.0,0.813253276,282
2019/6/25,11790.91699,88.5,0.783014655,253
2019/6/26,13016.23145,150.0,0.776484106,346
2019/6/27,11182.80664,132.0,0.464630777,289
2019/6/28,12407.33203,99.0,0.866085305,314
2019/6/29,11959.37109,73.5,0.955748459,170
2019/6/30,10817.15527,67.5,0.22343922,161
2019/7/1,10583.13477,79.5,0.623035264,215
2019/7/2,10801.67773,75.0,0.767704736,247
2019/7/3,11961.26953,72.0,0.690697847,222
2019/7/4,11215.4375,63.0,0.561034866,202
2019/7/5,10978.45996,58.5,0.780951709,138
2019/7/6,11208.55078,55.5,0.705620169,199
2019/7/7,11450.84668,49.5,0.851775157,255
2019/7/8,12285.95801,64.5,0.62454771,232
2019/7/9,12573.8125,70.5,0.49916334,238
2019/7/10,12156.5127,72.0,0.431195395,170
2019/7/11,11358.66211,67.5,0.634219031,211
2019/7/12,11815.98633,66.0,0.510183563,266
2019/7/13,11392.37891,54.0,0.292163519,170
2019/7/14,10256.05859,55.5,0.403771373,174
2019/7/15,10895.08984,66.0,0.457164933,205
2019/7/16,9477.641602,69.0,0.5769883,259
2019/7/17,9693.802734,72.0,0.401332881,272
2019/7/18,10666.48242,66.0,0.468137545,237
2019/7/19,10530.73242,58.5,0.460986101,197
2019/7/20,10767.13965,49.5,0.12809785,185
2019/7/21,10599.10547,49.5,0.868775435,298
2019/7/22,10343.10645,52.5,0.823181605,193
2019/7/23,9900.767578,51.0,0.629900847,248
2019/7/24,9811.925781,55.5,0.547913524,170
2019/7/25,9911.841797,54.0,0.380224563,256
2019/7/26,9870.303711,46.5,0.41556804,220
2019/7/27,9477.677734,49.5,0.668965594,203
2019/7/28,9552.860352,46.5,0.741108319,243
2019/7/29,9519.145508,49.5,0.597851287,214
2019/7/30,9607.423828,46.5,0.560938023,264
2019/7/31,10085.62793,48.0,0.652687689,188
2019/8/1,10399.66895,49.5,0.263336263,260
2019/8/2,10518.17481,51.0,0.201155462,218
2019/8/3,10821.72656,46.5,0.629186438,174
2019/8/4,10970.18457,45.0,0.198047215,150
2019/8/5,11805.65332,67.5,0.398411062,202
2019/8/6,11478.16895,66.0,0.693210228,242
2019/8/7,11941.96875,60.0,0.701655954,246
2019/8/8,11966.40723,55.5,0.564656895,187
2019/8/9,11862.93652,49.5,0.446664833,278
2019/8/10,11354.02441,46.5,0.309917399,180
2019/8/11,11523.5791,45.0,0.727418868,179
2019/8/12,11382.61621,49.5,0.530656414,204
2019/8/13,10895.83008,54.0,0.663327483,359
2019/8/14,10051.7041,52.5,0.511856627,215
2019/8/15,10311.5459,58.5,0.682170312,186
2019/8/16,10374.33887,49.5,0.951937556,157
2019/8/17,10231.74414,43.5,0.900416799,167
2019/8/18,10345.81055,42.0,0.89341797,151
2019/8/19,10916.05371,49.5,0.926932196,164
2019/8/20,10763.23242,48.0,0.436856098,221
2019/8/21,10138.04981,51.0,0.1902414,181
2019/8/22,10131.05566,45.0,0.218139276,224
2019/8/23,10407.96484,48.0,0.355198623,150
2019/8/24,10159.96094,42.0,0.577171815,165
2019/8/25,10138.51758,40.5,0.229064612,132
2019/8/26,10370.82031,43.5,0.496062524,215
2019/8/27,10185.5,43.5,0.535916395,286
2019/8/28,9754.422852,46.5,0.283640286,185
2019/8/29,9510.200195,49.5,0.64597252,220
2019/8/30,9598.173828,42.0,0.397985535,183
2019/8/31,9630.664063,39.0,0.73517293,148
2019/9/1,9757.970703,37.5,0.32986877,170
2019/9/2,10346.76074,45.83333333333333,0.477362749,163
2019/9/3,10623.54004,52.77777777777778,0.926240519,202
2019/9/4,10594.49316,47.22222222222222,0.438225604,208
2019/9/5,10575.5332,43.05555555555556,0.679403299,163
2019/9/6,10353.30273,47.22222222222222,0.541425431,229
2019/9/7,10517.25488,37.5,0.336620548,78
2019/9/8,10441.27637,36.11111111111111,0.421713064,69
2019/9/9,10334.97461,41.666666666666664,-0.284201289,63
2019/9/10,10115.97559,40.27777777777778,0.679699701,164
2019/9/11,10178.37207,41.666666666666664,0.732855798,206
2019/9/12,10410.12695,41.666666666666664,0.500588682,167
2019/9/13,10360.54688,37.5,0.523054026,187
2019/9/14,10358.04883,34.72222222222222,0.537901513,169
2019/9/15,10347.71289,34.72222222222222,0.812863276,128
2019/9/16,10276.79395,36.11111111111111,0.710425443,234
2019/9/17,10241.27246,36.11111111111111,0.542787431,210
2019/9/18,10198.24805,37.5,0.283122158,267
2019/9/19,10266.41504,40.27777777777778,0.936588223,168
2019/9/20,10181.6416,37.5,0.89577396,190
2019/9/21,10019.7168,31.944444444444443,0.744862607,164
2019/9/22,10070.39258,31.944444444444443,0.801409181,180
2019/9/23,9729.324219,37.5,0.62796447,194
2019/9/24,8620.566406,56.94444444444444,0.617786016,233
2019/9/25,8486.993164,65.27777777777777,0.396147691,213
2019/9/26,8118.967773,59.72222222222222,0.432031031,193
2019/9/27,8251.845703,54.166666666666664,0.247496342,188
2019/9/28,8245.915039,43.05555555555556,0.606057898,247
2019/9/29,8104.185547,41.666666666666664,0.360417621,217
2019/9/30,8293.868164,47.22222222222222,0.640521337,169
2019/10/1,8343.276367,43.05555555555556,0.46789812,206
2019/10/2,8393.041992,44.44444444444444,0.613241797,298
2019/10/3,8259.992188,40.27777777777778,0.662250879,294
2019/10/4,8205.939453,40.27777777777778,0.39646785,272
2019/10/5,8151.500488,34.72222222222222,0.268721835,156
2019/10/6,7988.155762,36.11111111111111,0.365921477,167
2019/10/7,8245.623047,41.666666666666664,0.828317772,168
2019/10/8,8228.783203,41.666666666666664,0.530403471,208
2019/10/9,8595.740234,43.05555555555556,0.964726159,265
2019/10/10,8586.473633,40.27777777777778,0.578110564,232
2019/10/11,8321.756836,36.11111111111111,0.780743403,253
2019/10/12,8336.555664,33.33333333333333,0.707985217,159
2019/10/13,8321.005859,31.944444444444443,0.757333228,177
2019/10/14,8374.686523,36.11111111111111,0.626694647,266
2019/10/15,8205.369141,37.5,0.51839951,293
2019/10/16,8047.526855,37.5,0.499139667,229
2019/10/17,8103.911133,38.888888888888886,0.002888045,231
2019/10/18,7973.20752,37.5,0.049757227,250
2019/10/19,7988.560547,31.944444444444443,0.602793116,230
2019/10/20,8222.078125,31.944444444444443,0.791921895,312
2019/10/21,8243.720703,36.11111111111111,0.831311153,276
2019/10/22,8078.203125,37.5,0.541957544,217
2019/10/23,7514.671875,47.22222222222222,0.093545736,208
2019/10/24,7493.48877,43.05555555555556,0.442468973,212
2019/10/25,8660.700195,45.83333333333333,0.772551097,289
2019/10/26,9244.972656,68.05555555555556,0.585032381,176
2019/10/27,9551.714844,47.22222222222222,0.797627175,198
2019/10/28,9256.148438,50.0,0.426856254,216
2019/10/29,9427.6875,47.22222222222222,0.9693436,271
2019/10/30,9205.726563,44.44444444444444,0.790409062,212
2019/10/31,9199.584961,41.666666666666664,0.377457829,267
2019/11/1,9261.104492,40.27777777777778,0.537145419,251
2019/11/2,9324.717773,34.72222222222222,0.629975217,239
2019/11/3,9235.354492,33.33333333333333,0.549134249,191
2019/11/4,9412.612305,38.888888888888886,0.653275418,264
2019/11/5,9342.527344,37.5,0.799005253,219
2019/11/6,9360.879883,38.888888888888886,0.621475017,293
2019/11/7,9267.561523,38.888888888888886,0.730233781,316
2019/11/8,8804.880859,38.888888888888886,0.773279694,236
2019/11/9,8813.582031,34.72222222222222,0.636303804,198
2019/11/10,9055.526367,33.33333333333333,0.866335204,264
2019/11/11,8757.788086,37.5,0.681340669,199
2019/11/12,8815.662109,36.11111111111111,0.723257036,292
2019/11/13,8808.262695,36.11111111111111,0.541631917,218
2019/11/14,8708.094727,34.72222222222222,0.047063075,243
2019/11/15,8491.992188,34.72222222222222,0.203274892,216
2019/11/16,8550.760742,31.944444444444443,0.094841997,188
2019/11/17,8577.975586,33.33333333333333,0.380767427,151
2019/11/18,8309.286133,36.11111111111111,0.200041393,214
2019/11/19,8206.145508,40.27777777777778,0.343868686,292
2019/11/20,8027.268066,34.72222222222222,0.671216108,232
2019/11/21,7642.75,43.05555555555556,0.392045147,328
2019/11/22,7296.577637,50.0,0.417640373,301
2019/11/23,7397.796875,38.888888888888886,0.143081085,246
2019/11/24,7047.916992,37.5,0.28243156,207
2019/11/25,7146.133789,54.166666666666664,0.356919625,321
2019/11/26,7218.371094,45.83333333333333,0.497269064,275
2019/11/27,7531.663574,41.666666666666664,0.780958313,244
2019/11/28,7463.105957,38.888888888888886,0.830533084,279
2019/11/29,7761.243652,36.11111111111111,0.584160098,317
2019/11/30,7569.629883,36.11111111111111,0.901562714,386
2019/12/1,7424.29248,33.33333333333333,0.770390714,194
2019/12/2,7321.988281,36.11111111111111,0.642072813,223
2019/12/3,7320.145508,37.5,0.621462808,190
2019/12/4,7252.034668,36.11111111111111,0.544192666,235
2019/12/5,7448.307617,36.11111111111111,0.428425805,233
2019/12/6,7546.996582,34.72222222222222,0.446915116,296
2019/12/7,7556.237793,31.944444444444443,0.684644483,189
2019/12/8,7564.345215,29.166666666666664,0.836660064,165
2019/12/9,7400.899414,34.72222222222222,0.440686223,253
2019/12/10,7278.119629,34.72222222222222,0.270415629,280
2019/12/11,7217.427246,34.72222222222222,0.487323169,256
2019/12/12,7243.134277,34.72222222222222,0.578669502,255
2019/12/13,7269.68457,34.72222222222222,0.444525648,171
2019/12/14,7124.673828,34.72222222222222,0.649190941,184
2019/12/15,7152.301758,31.944444444444443,0.520027337,202
2019/12/16,6932.480469,36.11111111111111,0.259112171,268
2019/12/17,6640.515137,44.44444444444444,0.401667158,243
2019/12/18,7276.802734,44.44444444444444,0.511651599,211
2019/12/19,7202.844238,41.666666666666664,0.457794461,171
2019/12/20,7218.816406,36.11111111111111,0.447697638,265
2019/12/21,7191.158691,31.944444444444443,0.711499231,144
2019/12/22,7511.588867,33.33333333333333,0.246891949,209
2019/12/23,7355.628418,37.5,0.954564956,380
2019/12/24,7322.532227,33.33333333333333,0.542162259,264
2019/12/25,7275.155762,33.33333333333333,0.754185225,205
2019/12/26,7238.966797,34.72222222222222,0.335845088,204
2019/12/27,7290.088379,33.33333333333333,0.556002091,252
2019/12/28,7317.990234,34.72222222222222,0.273585698,163
2019/12/29,7422.652832,31.944444444444443,0.40489037,160
2019/12/30,7292.995117,34.72222222222222,0.557690891,173
2019/12/31,7193.599121,34.72222222222222,0.701711009,216
2020/1/1,7200.174316,33.33333333333333,0.657438398,260
2020/1/2,6985.470215,36.11111111111111,0.455559615,215
2020/1/3,7344.884277,38.888888888888886,0.724700578,243
2020/1/4,7410.656738,36.11111111111111,0.257818881,240
2020/1/5,7411.317383,37.5,0.42620052,288
2020/1/6,7769.219238,41.666666666666664,0.556808721,206
2020/1/7,8163.692383,48.61111111111111,0.375897573,217
2020/1/8,8079.862793,52.77777777777778,0.203699005,239
2020/1/9,7879.071289,44.44444444444444,0.363397224,220
2020/1/10,8166.554199,41.666666666666664,0.380094395,254
2020/1/11,8037.537598,40.27777777777778,0.526977816,143
2020/1/12,8192.494141,36.11111111111111,0.640739415,208
2020/1/13,8144.194336,38.888888888888886,0.570748167,215
2020/1/14,8827.764648,55.55555555555556,0.436379673,261
2020/1/15,8807.010742,51.388888888888886,0.980485874,256
2020/1/16,8723.786133,44.44444444444444,0.768777511,242
2020/1/17,8929.038086,45.83333333333333,0.711699558,193
2020/1/18,8942.808594,41.666666666666664,0.588558085,280
2020/1/19,8706.245117,47.22222222222222,0.778199565,223
2020/1/20,8657.642578,41.666666666666664,0.486585358,190
2020/1/21,8745.894531,43.05555555555556,0.421574922,241
2020/1/22,8680.875977,40.27777777777778,0.701770148,233
2020/1/23,8406.515625,40.27777777777778,0.688140261,341
2020/1/24,8445.43457,37.5,0.590149431,229
2020/1/25,8367.847656,34.72222222222222,0.402980221,146
2020/1/26,8596.830078,33.33333333333333,0.872294778,190
2020/1/27,8909.819336,38.888888888888886,0.695290742,208
2020/1/28,9358.589844,47.22222222222222,0.914004497,251
2020/1/29,9316.629883,47.22222222222222,0.749768375,226
2020/1/30,9508.993164,48.61111111111111,0.459163159,251
2020/1/31,9350.529297,47.22222222222222,0.520941405,209
2020/2/1,9392.875,40.27777777777778,0.647115098,249
2020/2/2,9344.365234,37.5,0.749909897,266
2020/2/3,9293.521484,40.27777777777778,0.533912619,221
2020/2/4,9180.962891,43.05555555555556,0.846815771,227
2020/2/5,9613.423828,47.22222222222222,0.738407637,228
2020/2/6,9729.801758,50.0,0.682865671,270
2020/2/7,9795.943359,45.83333333333333,0.559927224,234
2020/2/8,9865.119141,44.44444444444444,0.322954681,194
2020/2/9,10116.67383,56.94444444444444,0.731469085,174
2020/2/10,9856.611328,47.22222222222222,0.200604501,373
2020/2/11,10208.23633,52.77777777777778,0.58275992,252
2020/2/12,10326.05469,58.33333333333333,0.618083313,236
2020/2/13,10214.37988,52.77777777777778,0.507501849,247
2020/2/14,10312.11621,47.22222222222222,0.632719876,278
2020/2/15,9889.424805,45.83333333333333,0.754293171,258
2020/2/16,9934.433594,44.44444444444444,0.468995711,194
2020/2/17,9690.142578,47.22222222222222,0.885650174,162
2020/2/18,10141.99609,45.83333333333333,0.710832752,259
2020/2/19,9633.386719,48.61111111111111,0.982094098,255
2020/2/20,9608.475586,48.61111111111111,0.488584602,212
2020/2/21,9686.441406,44.44444444444444,0.517980381,208
2020/2/22,9663.181641,37.5,0.623539304,184
2020/2/23,9924.515625,40.27777777777778,0.375594049,212
2020/2/24,9650.174805,48.61111111111111,0.282375744,209
2020/2/25,9341.705078,45.83333333333333,0.515204007,240
2020/2/26,8820.522461,51.388888888888886,0.291908938,224
2020/2/27,8784.494141,51.388888888888886,0.187492535,177
2020/2/28,8672.455078,50.0,0.570626536,216
2020/2/29,8599.508789,40.27777777777778,0.460546997,202
2020/3/1,8562.454102,41.666666666666664,0.39428087,174
2020/3/2,8869.669922,43.05555555555556,0.566764542,215
2020/3/3,8787.786133,44.44444444444444,0.131451054,182
2020/3/4,8755.246094,45.83333333333333,0.876241098,267
2020/3/5,9078.762695,45.83333333333333,0.420739947,232
2020/3/6,9122.545898,47.22222222222222,0.427113779,202
2020/3/7,8909.954102,40.27777777777778,0.209906752,225
2020/3/8,8108.116211,41.666666666666664,0.67762745,238
2020/3/9,7923.644531,75.0,0.09508131,169
2020/3/10,7909.729492,55.55555555555556,0.311392161,228
2020/3/11,7911.430176,48.61111111111111,0.16296382,179
2020/3/12,4970.788086,98.61111111111111,0.083047377,215
2020/3/13,5563.707031,138.88888888888889,-0.291248634,229
2020/3/14,5200.366211,90.27777777777777,0.195933989,183
2020/3/15,5392.314941,75.0,0.102297906,255
2020/3/16,5014.47998,98.61111111111111,-0.04232445,197
2020/3/17,5225.629395,77.77777777777777,0.500654332,234
2020/3/18,5238.438477,79.16666666666666,0.35028536,231
2020/3/19,6191.192871,83.33333333333333,0.033061927,227
2020/3/20,6198.77832,79.16666666666666,-0.062110328,198
2020/3/21,6185.066406,68.05555555555556,0.387775654,134
2020/3/22,5830.254883,62.5,0.179855151,151
2020/3/23,6416.314941,65.27777777777777,-0.131354281,219
2020/3/24,6734.803711,70.83333333333333,0.185431569,214
2020/3/25,6681.062988,59.72222222222222,0.613608212,249
2020/3/26,6716.44043,56.94444444444444,0.491690057,196
2020/3/27,6469.79834,52.77777777777778,0.271073413,146
2020/3/28,6242.193848,55.55555555555556,0.633377044,180
2020/3/29,5922.042969,55.55555555555556,0.320956956,132
2020/3/30,6429.841797,52.77777777777778,0.211291336,135
2020/3/31,6438.644531,50.0,0.545301168,183
2020/4/1,6606.776367,50.0,0.45227834,218
2020/4/2,6793.624512,55.55555555555556,-0.101536264,226
2020/4/3,6733.387207,52.77777777777778,0.160684429,198
2020/4/4,6867.527344,48.61111111111111,0.186208557,145
2020/4/5,6791.129395,50.0,0.05743131,145
2020/4/6,7271.78125,55.55555555555556,0.188603848,199
2020/4/7,7176.414551,56.94444444444444,0.250313273,159
2020/4/8,7334.098633,54.166666666666664,0.363860682,154
2020/4/9,7302.089355,52.77777777777778,0.733869006,146
2020/4/10,6865.493164,55.55555555555556,0.313127332,192
2020/4/11,6859.083008,48.61111111111111,0.586428121,164
2020/4/12,6971.091797,50.0,0.58333406,180
2020/4/13,6845.037598,51.388888888888886,0.49326537,188
2020/4/14,6842.427734,50.0,0.554119834,186
2020/4/15,6642.109863,50.0,0.321134941,229
2020/4/16,7116.804199,52.77777777777778,0.169428458,196
2020/4/17,7096.18457,51.388888888888886,0.634086556,194
2020/4/18,7257.665039,48.61111111111111,0.46549554,240
2020/4/19,7189.424805,47.22222222222222,0.636659704,187
2020/4/20,6881.958496,47.22222222222222,0.137653675,171
2020/4/21,6880.323242,48.61111111111111,0.267167475,209
2020/4/22,7117.20752,47.22222222222222,0.38801394,238
2020/4/23,7429.724609,55.55555555555556,0.648513297,273
2020/4/24,7550.900879,52.77777777777778,0.799990079,238
2020/4/25,7569.936035,51.388888888888886,0.428299019,226
2020/4/26,7679.867188,51.388888888888886,0.530108057,234
2020/4/27,7795.601074,54.166666666666664,0.748886017,218
2020/4/28,7807.058594,52.77777777777778,0.263677095,207
2020/4/29,8801.038086,77.77777777777777,0.614265941,159
2020/4/30,8658.553711,84.72222222222221,0.857121532,213
2020/5/1,8864.766602,68.05555555555556,0.531970516,162
2020/5/2,8988.59668,61.868686868686865,1.156229392,151
2020/5/3,8897.46875,63.93097643097643,0.66257132,165
2020/5/4,8912.654297,63.93097643097643,0.735924981,184
2020/5/5,9003.070313,61.868686868686865,0.553225944,197
2020/5/6,9268.761719,70.11784511784512,0.555992639,256
2020/5/7,9951.518555,88.67845117845118,0.539448255,269
2020/5/8,9842.666016,94.86531986531986,0.238015776,231
2020/5/9,9593.896484,84.55387205387206,0.453879502,207
2020/5/10,8756.430664,103.11447811447812,0.57430405,204
2020/5/11,8601.795898,127.86195286195286,1.119168309,268
2020/5/12,8804.477539,96.92760942760943,0.446005054,203
2020/5/13,9269.987305,76.3047138047138,0.294894069,167
2020/5/14,9733.72168,78.36700336700336,0.733498667,243
2020/5/15,9328.197266,70.11784511784512,0.688666201,259
2020/5/16,9377.013672,59.80639730639731,0.683353204,251
2020/5/17,9670.739258,63.93097643097643,0.93779283,220
2020/5/18,9726.575195,65.993265993266,0.51327616,199
2020/5/19,9729.038086,59.80639730639731,0.721102079,297
2020/5/20,9522.981445,59.80639730639731,0.820295908,243
2020/5/21,9081.761719,59.80639730639731,0.675421601,215
2020/5/22,9182.577148,57.744107744107744,0.77004821,237
2020/5/23,9209.287109,51.55723905723906,0.547386161,239
2020/5/24,8790.368164,53.61952861952862,0.421783422,313
2020/5/25,8906.93457,57.744107744107744,0.581814381,256
2020/5/26,8835.052734,53.61952861952862,0.880846398,260
2020/5/27,9181.017578,51.55723905723906,0.369958744,254
2020/5/28,9525.750977,51.55723905723906,0.621809198,254
2020/5/29,9439.124023,51.55723905723906,0.528753911,233
2020/5/30,9700.414063,49.494949494949495,0.356774967,212
2020/5/31,9461.058594,47.43265993265993,0.386480212,182
2020/6/1,10167.26856,49.494949494949495,0.37872027,220
2020/6/2,9529.803711,68.05555555555556,0.417346336,275
2020/6/3,9656.717773,53.61952861952862,0.781435763,209
2020/6/4,9800.636719,49.494949494949495,0.317497061,243
2020/6/5,9665.533203,49.494949494949495,0.292195707,242
2020/6/6,9653.679688,47.43265993265993,0.260886789,232
2020/6/7,9758.852539,49.494949494949495,0.613009063,200
2020/6/8,9771.489258,47.43265993265993,0.572201544,244
2020/6/9,9795.700195,47.43265993265993,0.60089011,187
2020/6/10,9870.094727,49.494949494949495,0.592282889,322
2020/6/11,9321.78125,51.55723905723906,0.319970297,213
2020/6/12,9480.84375,51.55723905723906,0.576909296,210
2020/6/13,9475.277344,43.30808080808081,0.502929868,213
2020/6/14,9386.788086,41.245791245791246,0.49400683,267
2020/6/15,9450.702148,47.43265993265993,0.45096509,244
2020/6/16,9538.024414,45.37037037037037,0.618302201,201
2020/6/17,9480.254883,43.30808080808081,0.543194925,221
2020/6/18,9411.84082,43.30808080808081,0.506820411,198
2020/6/19,9288.018555,41.245791245791246,0.619255264,233
2020/6/20,9332.34082,39.18350168350168,0.513174963,169
2020/6/21,9303.629883,43.30808080808081,0.290119096,180
2020/6/22,9648.717773,45.37037037037037,0.669536605,243
2020/6/23,9629.658203,41.245791245791246,0.588654592,225
2020/6/24,9313.610352,41.245791245791246,0.593898206,239
2020/6/25,9264.813477,43.30808080808081,0.322246629,219
2020/6/26,9162.917969,43.30808080808081,0.690025341,196
2020/6/27,9045.390625,41.245791245791246,0.585318662,169
2020/6/28,9143.582031,43.30808080808081,0.65540023,184
2020/6/29,9190.854492,41.245791245791246,0.751101003,143
2020/6/30,9137.993164,43.30808080808081,0.059346714,165
2020/7/1,9228.325195,41.245791245791246,0.819160735,135
2020/7/2,9123.410156,41.245791245791246,0.536879319,243
2020/7/3,9087.303711,43.30808080808081,0.547563601,193
2020/7/4,9132.488281,41.245791245791246,0.707165331,132
2020/7/5,9073.942383,39.18350168350168,0.799097666,182
2020/7/6,9375.474609,41.245791245791246,0.492304699,171
2020/7/7,9252.277344,41.245791245791246,0.774320758,147
2020/7/8,9428.333008,43.30808080808081,0.913775693,151
2020/7/9,9277.967773,41.245791245791246,0.466586014,180
2020/7/10,9278.807617,39.18350168350168,0.791140699,119
2020/7/11,9240.34668,37.121212121212125,0.348722484,127
2020/7/12,9276.5,37.121212121212125,0.22157623,169
2020/7/13,9243.614258,37.121212121212125,0.597124369,212
2020/7/14,9243.213867,39.18350168350168,0.745448108,176
2020/7/15,9192.836914,47.43265993265993,0.407832671,217
2020/7/16,9132.227539,57.744107744107744,0.25048177,232
2020/7/17,9151.392578,45.37037037037037,0.513657962,153
2020/7/18,9159.040039,59.80639730639731,0.509909866,177
2020/7/19,9185.817383,39.18350168350168,0.503305184,184
2020/7/20,9164.231445,39.18350168350168,0.552412868,221
2020/7/21,9374.887695,43.30808080808081,0.566635743,180
2020/7/22,9525.363281,41.245791245791246,0.789582382,209
2020/7/23,9581.072266,45.37037037037037,0.452227011,268
2020/7/24,9536.892578,43.30808080808081,0.544322168,190
2020/7/25,9677.113281,45.37037037037037,0.749939636,244
2020/7/26,9905.166992,53.61952861952862,0.795374514,228
2020/7/27,10990.87305,78.36700336700336,0.224088036,216
2020/7/28,10912.82324,80.42929292929293,0.50046943,254
2020/7/29,11100.46777,68.05555555555556,0.728281113,224
2020/7/30,11111.21387,57.744107744107744,0.653505068,306
2020/7/31,11323.4668,59.80639730639731,0.534872395,261
2020/8/1,11759.59277,74.24242424242425,0.544202734,191
2020/8/2,11053.61426,72.18013468013469,0.73696491,234
2020/8/3,11246.34863,65.993265993266,0.688545925,208
2020/8/4,11205.89258,59.80639730639731,0.444136554,170
2020/8/5,11747.02246,57.744107744107744,0.238573424,201
2020/8/6,11779.77344,63.93097643097643,0.664294972,248
2020/8/7,11601.47266,59.80639730639731,0.461608924,227
2020/8/8,11754.0459,51.55723905723906,0.563879194,221
2020/8/9,11675.73926,53.61952861952862,0.322913617,189
2020/8/10,11878.11133,61.868686868686865,0.647157544,189
2020/8/11,11410.52539,61.868686868686865,0.722950075,175
2020/8/12,11584.93457,55.68181818181818,0.627049034,292
2020/8/13,11784.1377,53.61952861952862,0.589003355,280
2020/8/14,11768.87109,55.68181818181818,0.412684705,207
2020/8/15,11865.69824,53.61952861952862,0.678341314,242
2020/8/16,11892.80371,51.55723905723906,0.620089092,177
2020/8/17,12254.40234,63.93097643097643,0.726532323,237
2020/8/18,11991.2334,61.868686868686865,1.001469944,299
2020/8/19,11758.2832,53.61952861952862,0.582196826,197
2020/8/20,11878.37207,49.494949494949495,0.678773658,286
2020/8/21,11592.48926,51.55723905723906,0.602214972,245
2020/8/22,11681.8252,47.43265993265993,0.501794512,173
2020/8/23,11664.84766,45.37037037037037,0.755102102,132
2020/8/24,11774.5957,47.43265993265993,0.921033382,161
2020/8/25,11366.13477,47.43265993265993,0.356114962,219
2020/8/26,11488.36328,47.43265993265993,0.538929285,209
2020/8/27,11323.39746,45.37037037037037,0.738611934,244
2020/8/28,11542.5,43.30808080808081,0.562159061,208
2020/8/29,11506.86523,43.30808080808081,0.509693914,183
2020/8/30,11711.50586,41.245791245791246,0.703642206,154
2020/8/31,11680.82031,47.43265993265993,0.65483687,135
2020/9/1,11970.47852,49.494949494949495,0.848389343,206
2020/9/2,11414.03418,45.37037037037037,0.415054574,278
2020/9/3,10245.29688,51.55723905723906,0.499022981,267
2020/9/4,10511.81348,59.80639730639731,0.642426455,224
2020/9/5,10169.56738,53.61952861952862,0.236259318,155
2020/9/6,10280.35156,47.43265993265993,0.505081208,136
2020/9/7,10369.56348,49.494949494949495,0.718604636,212
2020/9/8,10131.5166,49.494949494949495,0.546368947,276
2020/9/9,10242.34766,45.37037037037037,0.531720868,209
2020/9/10,10363.13867,43.30808080808081,0.257989444,143
2020/9/11,10400.91504,41.245791245791246,0.255941218,155
2020/9/12,10442.1709,39.18350168350168,0.660944731,169
2020/9/13,10323.75586,41.245791245791246,0.88106921,198
2020/9/14,10680.83789,39.18350168350168,0.758662541,167
2020/9/15,10796.95117,43.30808080808081,0.39965034,243
2020/9/16,10974.90527,43.30808080808081,0.539879942,202
2020/9/17,10948.99023,41.245791245791246,0.545271633,204
2020/9/18,10944.58594,39.18350168350168,0.389710304,116
2020/9/19,11094.34668,39.18350168350168,0.809470047,175
2020/9/20,10938.27148,37.121212121212125,0.631987472,113
2020/9/21,10462.25977,41.245791245791246,0.160383559,199
2020/9/22,10538.45996,39.18350168350168,0.560378159,164
2020/9/23,10225.86426,37.121212121212125,0.53649575,233
2020/9/24,10745.54883,39.18350168350168,0.551401474,200
2020/9/25,10702.29004,37.121212121212125,0.376055284,73
2020/9/26,10754.4375,35.05892255892256,0.177153005,151
2020/9/27,10774.42676,35.05892255892256,0.329253102,175
2020/9/28,10721.32715,37.121212121212125,0.662357156,175
2020/9/29,10848.83008,35.05892255892256,0.788484977,264
2020/9/30,10787.61816,32.996632996633,0.931171095,222
2020/10/1,10623.33008,37.121212121212125,0.397333343,236
2020/10/2,10585.16406,39.18350168350168,0.165956161,231
2020/10/3,10565.49316,32.996632996633,0.19372339,84
2020/10/4,10684.42871,32.996632996633,0.540684203,109
2020/10/5,10804.00098,35.05892255892256,0.564698966,79
2020/10/6,10621.66406,37.121212121212125,0.21654241,110
2020/10/7,10679.13672,32.996632996633,0.246889675,242
2020/10/8,10923.62793,37.121212121212125,0.739153857,206
2020/10/9,11079.46582,39.18350168350168,0.99403379,231
2020/10/10,11296.36133,41.245791245791246,0.645169648,122
2020/10/11,11384.18164,39.18350168350168,0.633874068,137
2020/10/12,11555.36328,41.245791245791246,0.770397918,301
2020/10/13,11425.89941,41.245791245791246,0.474200634,164
2020/10/14,11429.50684,39.18350168350168,0.548442809,170
2020/10/15,11495.34961,39.18350168350168,0.587620359,218
2020/10/16,11322.12305,39.18350168350168,0.37054705,204
2020/10/17,11358.10156,32.996632996633,0.750699351,157
2020/10/18,11483.35938,35.05892255892256,0.345436936,164
2020/10/19,11742.03711,41.245791245791246,0.575117002,215
2020/10/20,11916.33496,47.43265993265993,0.41130565,83
2020/10/21,12823.68945,70.11784511784512,0.808699548,213
2020/10/22,12965.8916,74.24242424242425,0.924393455,270
2020/10/23,12931.53906,61.868686868686865,0.443774791,222
2020/10/24,13108.0625,51.55723905723906,0.630850467,178
2020/10/25,13031.17383,51.55723905723906,0.677278594,193
2020/10/26,13075.24805,57.744107744107744,0.753209052,202
2020/10/27,13654.21875,61.868686868686865,0.578844317,364
2020/10/28,13271.28516,65.993265993266,0.56505469,237
2020/10/29,13437.88281,53.61952861952862,0.596149141,319
2020/10/30,13546.52246,53.61952861952862,0.622846127,280
2020/10/31,13780.99512,57.744107744107744,0.471395514,233
2020/11/1,13737.10938,53.61952861952862,0.657744539,206
2020/11/2,13550.48926,53.61952861952862,0.346676941,239
2020/11/3,13950.30078,49.494949494949495,0.445918214,250
2020/11/4,14133.70703,49.494949494949495,0.53375447,282
2020/11/5,15579.84863,78.36700336700336,0.732817115,159
2020/11/6,15565.88086,82.49158249158249,0.634412391,110
2020/11/7,14833.75391,65.993265993266,0.68956093,211
2020/11/8,15479.56738,61.868686868686865,1.001151836,227
2020/11/9,15332.31543,70.11784511784512,0.833195048,329
2020/11/10,15290.90234,59.80639730639731,0.796023683,242
2020/11/11,15701.33984,61.868686868686865,0.562097673,291
2020/11/12,16276.34375,68.05555555555556,0.705801521,278
2020/11/13,16317.80859,74.24242424242425,1.003583083,367
2020/11/14,16068.13867,61.868686868686865,0.765079177,245
2020/11/15,15955.58789,57.744107744107744,0.451049273,194
2020/11/16,16716.11133,78.36700336700336,0.800316338,302
2020/11/17,17645.40625,96.92760942760943,0.678989953,255
2020/11/18,17804.00586,117.55050505050505,0.500698069,141
2020/11/19,17817.08984,92.8030303030303,0.558064256,173
2020/11/20,18621.31445,98.98989898989899,0.625874431,228
2020/11/21,18642.23242,98.98989898989899,0.642495612,168
2020/11/22,18370.00195,88.67845117845118,0.469376924,113
2020/11/23,18364.12109,92.8030303030303,0.600613223,135
2020/11/24,19107.46484,121.67508417508418,0.400901313,223
2020/11/25,18732.12109,111.36363636363636,0.648390047,313
2020/11/26,17150.62305,131.986531986532,0.262227299,312
2020/11/27,17108.40234,88.67845117845118,0.613815163,331
2020/11/28,17717.41406,76.3047138047138,0.608034375,219
2020/11/29,18177.48438,76.3047138047138,0.705187894,303
2020/11/30,19625.83594,109.3013468013468,0.875244046,251
2020/12/1,18802.99805,109.3013468013468,1.055434514,269
2020/12/2,19201.0918,88.67845117845118,0.692018634,266
2020/12/3,19445.39844,82.49158249158249,0.894848602,238
2020/12/4,18699.76563,78.36700336700336,0.455879899,245
2020/12/5,19154.23047,74.24242424242425,0.433677357,232
2020/12/6,19345.12109,68.05555555555556,0.940235566,300
2020/12/7,19191.63086,72.18013468013469,0.874369203,222
2020/12/8,18321.14453,72.18013468013469,0.518436652,220
2020/12/9,18553.91602,76.3047138047138,0.68831274,231
2020/12/10,18264.99219,68.05555555555556,0.569871355,324
2020/12/11,18058.9043,68.05555555555556,0.794065184,306
2020/12/12,18803.65625,61.868686868686865,0.715150243,222
2020/12/13,19142.38281,68.05555555555556,0.777019053,250
2020/12/14,19246.64453,63.93097643097643,0.851483001,229
2020/12/15,19417.07617,65.993265993266,0.702765218,204
2020/12/16,21310.59766,127.86195286195286,0.981942881,279
2020/12/17,22805.16211,206.22895622895624,0.648607671,317
2020/12/18,23137.96094,142.2979797979798,0.902658923,278
2020/12/19,23869.83203,121.67508417508418,0.839697831,274
2020/12/20,23477.29492,113.42592592592592,0.65874099,285
2020/12/21,22803.08203,136.11111111111111,0.57705608,292
2020/12/22,23783.0293,109.3013468013468,0.767981096,266
2020/12/23,23241.3457,103.11447811447812,0.685285345,275
2020/12/24,23735.94922,88.67845117845118,0.998340854,266
2020/12/25,24664.79102,109.3013468013468,0.970303376,409
2020/12/26,26437.03711,154.67171717171718,0.843570031,326
2020/12/27,26272.29492,200.04208754208753,0.767784463,366
2020/12/28,27084.80859,162.92087542087543,0.868293948,379
2020/12/29,27362.4375,136.11111111111111,0.765013764,338
2020/12/30,28840.95313,156.73400673400673,0.826808191,265
2020/12/31,29001.7207,152.6094276094276,0.902875622,272
2021/1/1,29374.15234,152.6094276094276,0.321023532,256
